greyblue-3508x4960.gif, greyblue-3508x4960.gif, 0.0
greyblue-3508x4960.gif, lightblue-3508x4960.gif, 4882.878
greyblue-3508x4960.gif, blue-640x480.jpg, 5246.904
greyblue-3508x4960.gif, real-dog-01.jpg, 5268.564
greyblue-3508x4960.gif, real-fan-01.jpg, 4347.518
greyblue-3508x4960.gif, real-fan-03.jpg, 4576.297
greyblue-3508x4960.gif, real-jungle-02.jpg, 3088.1267
greyblue-3508x4960.gif, real-screen-01.jpg, 4569.5635
greyblue-3508x4960.gif, real-screen-03.jpg, 2949.1648
greyblue-3508x4960.gif, green-640x480.jpg, 6185.5684
greyblue-3508x4960.gif, real-dog-02.jpg, 2401.6724
greyblue-3508x4960.gif, real-fan-02.jpg, 4913.136
greyblue-3508x4960.gif, real-jungle-01.jpg, 3314.3994
greyblue-3508x4960.gif, real-jungle-03.jpg, 2634.6887
greyblue-3508x4960.gif, real-screen-02.jpg, 4629.1235
greyblue-3508x4960.gif, red-640x480.jpg, 6190.7197
lightblue-3508x4960.gif, greyblue-3508x4960.gif, 4882.878
lightblue-3508x4960.gif, lightblue-3508x4960.gif, 0.0
lightblue-3508x4960.gif, blue-640x480.jpg, 2950.0
lightblue-3508x4960.gif, real-dog-01.jpg, 3011.0925
lightblue-3508x4960.gif, real-fan-01.jpg, 3501.6233
lightblue-3508x4960.gif, real-fan-03.jpg, 3491.287
lightblue-3508x4960.gif, real-jungle-02.jpg, 4446.137
lightblue-3508x4960.gif, real-screen-01.jpg, 3315.3215
lightblue-3508x4960.gif, real-screen-03.jpg, 5629.804
lightblue-3508x4960.gif, green-640x480.jpg, 7213.269
lightblue-3508x4960.gif, real-dog-02.jpg, 4884.45
lightblue-3508x4960.gif, real-fan-02.jpg, 3363.9512
lightblue-3508x4960.gif, real-jungle-01.jpg, 4862.554
lightblue-3508x4960.gif, real-jungle-03.jpg, 3942.5056
lightblue-3508x4960.gif, real-screen-02.jpg, 3344.3542
lightblue-3508x4960.gif, red-640x480.jpg, 7202.953
blue-640x480.jpg, greyblue-3508x4960.gif, 5246.904
blue-640x480.jpg, lightblue-3508x4960.gif, 2950.0
blue-640x480.jpg, blue-640x480.jpg, 0.0
blue-640x480.jpg, real-dog-01.jpg, 5830.2183
blue-640x480.jpg, real-fan-01.jpg, 5877.27
blue-640x480.jpg, real-fan-03.jpg, 5903.083
blue-640x480.jpg, real-jungle-02.jpg, 5930.0493
blue-640x480.jpg, real-screen-01.jpg, 5739.068
blue-640x480.jpg, real-screen-03.jpg, 6536.408
blue-640x480.jpg, green-640x480.jpg, 8980.325
blue-640x480.jpg, real-dog-02.jpg, 6197.202
blue-640x480.jpg, real-fan-02.jpg, 5928.271
blue-640x480.jpg, real-jungle-01.jpg, 6152.1265
blue-640x480.jpg, real-jungle-03.jpg, 5733.1914
blue-640x480.jpg, real-screen-02.jpg, 5763.508
blue-640x480.jpg, red-640x480.jpg, 8980.258
real-dog-01.jpg, greyblue-3508x4960.gif, 5268.564
real-dog-01.jpg, lightblue-3508x4960.gif, 3011.0925
real-dog-01.jpg, blue-640x480.jpg, 5830.2183
real-dog-01.jpg, real-dog-01.jpg, 0.0
real-dog-01.jpg, real-fan-01.jpg, 1794.8497
real-dog-01.jpg, real-fan-03.jpg, 1740.425
real-dog-01.jpg, real-jungle-02.jpg, 3842.7095
real-dog-01.jpg, real-screen-01.jpg, 1817.5172
real-dog-01.jpg, real-screen-03.jpg, 5174.9004
real-dog-01.jpg, green-640x480.jpg, 5880.7617
real-dog-01.jpg, real-dog-02.jpg, 4109.4795
real-dog-01.jpg, real-fan-02.jpg, 1553.3969
real-dog-01.jpg, real-jungle-01.jpg, 4366.3574
real-dog-01.jpg, real-jungle-03.jpg, 2987.086
real-dog-01.jpg, real-screen-02.jpg, 1816.7073
real-dog-01.jpg, red-640x480.jpg, 5694.314
real-fan-01.jpg, greyblue-3508x4960.gif, 4347.518
real-fan-01.jpg, lightblue-3508x4960.gif, 3501.6233
real-fan-01.jpg, blue-640x480.jpg, 5877.27
real-fan-01.jpg, real-dog-01.jpg, 1794.8497
real-fan-01.jpg, real-fan-01.jpg, 0.0
real-fan-01.jpg, real-fan-03.jpg, 1679.918
real-fan-01.jpg, real-jungle-02.jpg, 4182.1343
real-fan-01.jpg, real-screen-01.jpg, 1487.5199
real-fan-01.jpg, real-screen-03.jpg, 5533.2593
real-fan-01.jpg, green-640x480.jpg, 5822.284
real-fan-01.jpg, real-dog-02.jpg, 3408.081
real-fan-01.jpg, real-fan-02.jpg, 1113.3044
real-fan-01.jpg, real-jungle-01.jpg, 4414.1274
real-fan-01.jpg, real-jungle-03.jpg, 2565.0005
real-fan-01.jpg, real-screen-02.jpg, 1492.2533
real-fan-01.jpg, red-640x480.jpg, 5494.57
real-fan-03.jpg, greyblue-3508x4960.gif, 4576.297
real-fan-03.jpg, lightblue-3508x4960.gif, 3491.287
real-fan-03.jpg, blue-640x480.jpg, 5903.083
real-fan-03.jpg, real-dog-01.jpg, 1740.425
real-fan-03.jpg, real-fan-01.jpg, 1679.918
real-fan-03.jpg, real-fan-03.jpg, 0.0
real-fan-03.jpg, real-jungle-02.jpg, 3368.5234
real-fan-03.jpg, real-screen-01.jpg, 2135.7805
real-fan-03.jpg, real-screen-03.jpg, 4941.811
real-fan-03.jpg, green-640x480.jpg, 5969.5107
real-fan-03.jpg, real-dog-02.jpg, 3327.7676
real-fan-03.jpg, real-fan-02.jpg, 1838.9264
real-fan-03.jpg, real-jungle-01.jpg, 3871.8667
real-fan-03.jpg, real-jungle-03.jpg, 2923.7385
real-fan-03.jpg, real-screen-02.jpg, 2169.1753
real-fan-03.jpg, red-640x480.jpg, 5746.354
real-jungle-02.jpg, greyblue-3508x4960.gif, 3088.1267
real-jungle-02.jpg, lightblue-3508x4960.gif, 4446.137
real-jungle-02.jpg, blue-640x480.jpg, 5930.0493
real-jungle-02.jpg, real-dog-01.jpg, 3842.7095
real-jungle-02.jpg, real-fan-01.jpg, 4182.1343
real-jungle-02.jpg, real-fan-03.jpg, 3368.5234
real-jungle-02.jpg, real-jungle-02.jpg, 0.0
real-jungle-02.jpg, real-screen-01.jpg, 4179.4766
real-jungle-02.jpg, real-screen-03.jpg, 2108.313
real-jungle-02.jpg, green-640x480.jpg, 6050.5566
real-jungle-02.jpg, real-dog-02.jpg, 4220.3955
real-jungle-02.jpg, real-fan-02.jpg, 3627.7144
real-jungle-02.jpg, real-jungle-01.jpg, 2200.5784
real-jungle-02.jpg, real-jungle-03.jpg, 2670.5251
real-jungle-02.jpg, real-screen-02.jpg, 4227.6914
real-jungle-02.jpg, red-640x480.jpg, 6107.507
real-screen-01.jpg, greyblue-3508x4960.gif, 4569.5635
real-screen-01.jpg, lightblue-3508x4960.gif, 3315.3215
real-screen-01.jpg, blue-640x480.jpg, 5739.068
real-screen-01.jpg, real-dog-01.jpg, 1817.5172
real-screen-01.jpg, real-fan-01.jpg, 1487.5199
real-screen-01.jpg, real-fan-03.jpg, 2135.7805
real-screen-01.jpg, real-jungle-02.jpg, 4179.4766
real-screen-01.jpg, real-screen-01.jpg, 0.0
real-screen-01.jpg, real-screen-03.jpg, 5561.345
real-screen-01.jpg, green-640x480.jpg, 5929.822
real-screen-01.jpg, real-dog-02.jpg, 3741.777
real-screen-01.jpg, real-fan-02.jpg, 1216.6997
real-screen-01.jpg, real-jungle-01.jpg, 4859.9727
real-screen-01.jpg, real-jungle-03.jpg, 2914.5552
real-screen-01.jpg, real-screen-02.jpg, 257.4843
real-screen-01.jpg, red-640x480.jpg, 5903.259
real-screen-03.jpg, greyblue-3508x4960.gif, 2949.1648
real-screen-03.jpg, lightblue-3508x4960.gif, 5629.804
real-screen-03.jpg, blue-640x480.jpg, 6536.408
real-screen-03.jpg, real-dog-01.jpg, 5174.9004
real-screen-03.jpg, real-fan-01.jpg, 5533.2593
real-screen-03.jpg, real-fan-03.jpg, 4941.811
real-screen-03.jpg, real-jungle-02.jpg, 2108.313
real-screen-03.jpg, real-screen-01.jpg, 5561.345
real-screen-03.jpg, real-screen-03.jpg, 0.0
real-screen-03.jpg, green-640x480.jpg, 6274.9863
real-screen-03.jpg, real-dog-02.jpg, 4306.8145
real-screen-03.jpg, real-fan-02.jpg, 5140.3774
real-screen-03.jpg, real-jungle-01.jpg, 2894.0327
real-screen-03.jpg, real-jungle-03.jpg, 3604.1335
real-screen-03.jpg, real-screen-02.jpg, 5604.2573
real-screen-03.jpg, red-640x480.jpg, 6729.772
green-640x480.jpg, greyblue-3508x4960.gif, 6185.5684
green-640x480.jpg, lightblue-3508x4960.gif, 7213.269
green-640x480.jpg, blue-640x480.jpg, 8980.325
green-640x480.jpg, real-dog-01.jpg, 5880.7617
green-640x480.jpg, real-fan-01.jpg, 5822.284
green-640x480.jpg, real-fan-03.jpg, 5969.5107
green-640x480.jpg, real-jungle-02.jpg, 6050.5566
green-640x480.jpg, real-screen-01.jpg, 5929.822
green-640x480.jpg, real-screen-03.jpg, 6274.9863
green-640x480.jpg, green-640x480.jpg, 0.0
green-640x480.jpg, real-dog-02.jpg, 5868.9463
green-640x480.jpg, real-fan-02.jpg, 5923.027
green-640x480.jpg, real-jungle-01.jpg, 6280.065
green-640x480.jpg, real-jungle-03.jpg, 4999.898
green-640x480.jpg, real-screen-02.jpg, 5998.838
green-640x480.jpg, red-640x480.jpg, 8997.986
real-dog-02.jpg, greyblue-3508x4960.gif, 2401.6724
real-dog-02.jpg, lightblue-3508x4960.gif, 4884.45
real-dog-02.jpg, blue-640x480.jpg, 6197.202
real-dog-02.jpg, real-dog-01.jpg, 4109.4795
real-dog-02.jpg, real-fan-01.jpg, 3408.081
real-dog-02.jpg, real-fan-03.jpg, 3327.7676
real-dog-02.jpg, real-jungle-02.jpg, 4220.3955
real-dog-02.jpg, real-screen-01.jpg, 3741.777
real-dog-02.jpg, real-screen-03.jpg, 4306.8145
real-dog-02.jpg, green-640x480.jpg, 5868.9463
real-dog-02.jpg, real-dog-02.jpg, 0.0
real-dog-02.jpg, real-fan-02.jpg, 4161.0044
real-dog-02.jpg, real-jungle-01.jpg, 3829.441
real-dog-02.jpg, real-jungle-03.jpg, 2534.887
real-dog-02.jpg, real-screen-02.jpg, 3825.5166
real-dog-02.jpg, red-640x480.jpg, 5304.151
real-fan-02.jpg, greyblue-3508x4960.gif, 4913.136
real-fan-02.jpg, lightblue-3508x4960.gif, 3363.9512
real-fan-02.jpg, blue-640x480.jpg, 5928.271
real-fan-02.jpg, real-dog-01.jpg, 1553.3969
real-fan-02.jpg, real-fan-01.jpg, 1113.3044
real-fan-02.jpg, real-fan-03.jpg, 1838.9264
real-fan-02.jpg, real-jungle-02.jpg, 3627.7144
real-fan-02.jpg, real-screen-01.jpg, 1216.6997
real-fan-02.jpg, real-screen-03.jpg, 5140.3774
real-fan-02.jpg, green-640x480.jpg, 5923.027
real-fan-02.jpg, real-dog-02.jpg, 4161.0044
real-fan-02.jpg, real-fan-02.jpg, 0.0
real-fan-02.jpg, real-jungle-01.jpg, 4549.444
real-fan-02.jpg, real-jungle-03.jpg, 3049.55
real-fan-02.jpg, real-screen-02.jpg, 1220.2638
real-fan-02.jpg, red-640x480.jpg, 5788.3223
real-jungle-01.jpg, greyblue-3508x4960.gif, 3314.3994
real-jungle-01.jpg, lightblue-3508x4960.gif, 4862.554
real-jungle-01.jpg, blue-640x480.jpg, 6152.1265
real-jungle-01.jpg, real-dog-01.jpg, 4366.3574
real-jungle-01.jpg, real-fan-01.jpg, 4414.1274
real-jungle-01.jpg, real-fan-03.jpg, 3871.8667
real-jungle-01.jpg, real-jungle-02.jpg, 2200.5784
real-jungle-01.jpg, real-screen-01.jpg, 4859.9727
real-jungle-01.jpg, real-screen-03.jpg, 2894.0327
real-jungle-01.jpg, green-640x480.jpg, 6280.065
real-jungle-01.jpg, real-dog-02.jpg, 3829.441
real-jungle-01.jpg, real-fan-02.jpg, 4549.444
real-jungle-01.jpg, real-jungle-01.jpg, 0.0
real-jungle-01.jpg, real-jungle-03.jpg, 3087.8877
real-jungle-01.jpg, real-screen-02.jpg, 4977.145
real-jungle-01.jpg, red-640x480.jpg, 6354.8335
real-jungle-03.jpg, greyblue-3508x4960.gif, 2634.6887
real-jungle-03.jpg, lightblue-3508x4960.gif, 3942.5056
real-jungle-03.jpg, blue-640x480.jpg, 5733.1914
real-jungle-03.jpg, real-dog-01.jpg, 2987.086
real-jungle-03.jpg, real-fan-01.jpg, 2565.0005
real-jungle-03.jpg, real-fan-03.jpg, 2923.7385
real-jungle-03.jpg, real-jungle-02.jpg, 2670.5251
real-jungle-03.jpg, real-screen-01.jpg, 2914.5552
real-jungle-03.jpg, real-screen-03.jpg, 3604.1335
real-jungle-03.jpg, green-640x480.jpg, 4999.898
real-jungle-03.jpg, real-dog-02.jpg, 2534.887
real-jungle-03.jpg, real-fan-02.jpg, 3049.55
real-jungle-03.jpg, real-jungle-01.jpg, 3087.8877
real-jungle-03.jpg, real-jungle-03.jpg, 0.0
real-jungle-03.jpg, real-screen-02.jpg, 3017.2446
real-jungle-03.jpg, red-640x480.jpg, 5163.018
real-screen-02.jpg, greyblue-3508x4960.gif, 4629.1235
real-screen-02.jpg, lightblue-3508x4960.gif, 3344.3542
real-screen-02.jpg, blue-640x480.jpg, 5763.508
real-screen-02.jpg, real-dog-01.jpg, 1816.7073
real-screen-02.jpg, real-fan-01.jpg, 1492.2533
real-screen-02.jpg, real-fan-03.jpg, 2169.1753
real-screen-02.jpg, real-jungle-02.jpg, 4227.6914
real-screen-02.jpg, real-screen-01.jpg, 257.4843
real-screen-02.jpg, real-screen-03.jpg, 5604.2573
real-screen-02.jpg, green-640x480.jpg, 5998.838
real-screen-02.jpg, real-dog-02.jpg, 3825.5166
real-screen-02.jpg, real-fan-02.jpg, 1220.2638
real-screen-02.jpg, real-jungle-01.jpg, 4977.145
real-screen-02.jpg, real-jungle-03.jpg, 3017.2446
real-screen-02.jpg, real-screen-02.jpg, 0.0
real-screen-02.jpg, red-640x480.jpg, 5935.2437
red-640x480.jpg, greyblue-3508x4960.gif, 6190.7197
red-640x480.jpg, lightblue-3508x4960.gif, 7202.953
red-640x480.jpg, blue-640x480.jpg, 8980.258
red-640x480.jpg, real-dog-01.jpg, 5694.314
red-640x480.jpg, real-fan-01.jpg, 5494.57
red-640x480.jpg, real-fan-03.jpg, 5746.354
red-640x480.jpg, real-jungle-02.jpg, 6107.507
red-640x480.jpg, real-screen-01.jpg, 5903.259
red-640x480.jpg, real-screen-03.jpg, 6729.772
red-640x480.jpg, green-640x480.jpg, 8997.986
red-640x480.jpg, real-dog-02.jpg, 5304.151
red-640x480.jpg, real-fan-02.jpg, 5788.3223
red-640x480.jpg, real-jungle-01.jpg, 6354.8335
red-640x480.jpg, real-jungle-03.jpg, 5163.018
red-640x480.jpg, real-screen-02.jpg, 5935.2437
red-640x480.jpg, red-640x480.jpg, 0.0
